blockNumber,targetBlock,initialSeed,tokenId,createTokenSeed,timestamp,parentBlockId,parentBlockHash,difficulty,details,heroRarity
13762167,13762161,96742106376522586009203834480285095966188743660938291849514302468489565323649,7439548,11201970614556239412226611954265868692157687558347294242563063364437541675398885590142465317228709585223337250336546318467459270706328634051299762683086012,1640371984,13762166,0xc35e1ebabb2178404c3805ac7c39bb0d96394ed4948a9977047d264ed839878e,2,159735425253387325921645659324,0
13762168,13762161,96742106376522586009203834480285095966188743660938291849514302468489565323649,7439553,11201970614556239412226611954265868692157687558347294242563063364437541675398885590142465317228709585223337250336546318467459270706328634051299762683086017,1640371987,13762167,0x8a228d98c5c60f553531dba54a220a970b20847cb41000e267473a7a32543fb5,2,199348296405370393167402206401,0
13762168,13762162,100637223866277383585502592101695919752172511619863820495299613000359686877448,7439552,11652994406519757984754800783016149887185231597985602769515959798044418758129170827539324205747113280824706367024674951910393539654578559291029796406002880,1640371987,13762167,0x8a228d98c5c60f553531dba54a220a970b20847cb41000e267473a7a32543fb5,2,278577654858767499413408548032,0
13762168,13762163,28148341047763581138517774907414221137203825095203096078976656946701102955685,7439554,3259355218485051043090358399489782837893589218382548807281450507080586095232020629285812070621605362102297591437071241994097665910587057014733709421675714,1640371987,13762167,0x8a228d98c5c60f553531dba54a220a970b20847cb41000e267473a7a32543fb5,2,6578496880460097483356752676034,1
13762170,13762164,26393355917467296243734091900067623857155449427644466794415083715733094182131,7439564,3056141823667620632037356206774081108585399151903451574253377848399743280587508860168643984094755665423418441224604354152880786694551548047725456442623180,1640371993,13762169,0x4619b5f5f634536ef168da5c24ce0d664c0b22554f40a1533375c1d2813e3ffe,2,211741101564669828016326657017036,2
13762171,13762165,16784367671880480747215618554704498351074180644341268819757806556947031148509,7439568,1943496999254309702525432739102755153822162505287831833499292322134690995815528897942927958610747793050823313491052942563182259651609742727625199720694992,1640371996,13762170,0x8e53cf09351038d269fe98dfc9d8156c643dbb5bef17e5e69e9965ecb06073a1,2,159735419422994597230503101648,0
13762172,13762162,100637223866277383585502592101695919752172511619863820495299613000359686877448,7439585,11652994406519757984754800783016149887185231597985602769515959798044418758129170827539324205747113280824706367024674951910393539654578559291029796406002913,1640371999,13762171,0x25aa29106253778b636486771a18880df04a01404ee2a9ba4f57464b36312d29,2,238964780240237698191014855905,0
13762172,13762164,26393355917467296243734091900067623857155449427644466794415083715733094182131,7439578,3056141823667620632037356206774081108585399151903451574253377848399743280587508860168643984094755665423418441224604354152880786694551548047725456442623194,1640371999,13762171,0x25aa29106253778b636486771a18880df04a01404ee2a9ba4f57464b36312d29,2,238962380021419366886522586330,0
13762172,13762163,28148341047763581138517774907414221137203825095203096078976656946701102955685,7439588,3259355218485051043090358399489782837893589218382548807281450507080586095232020629285812070621605362102297591437071241994097665910587057014733709421675748,1640371999,13762171,0x25aa29106253778b636486771a18880df04a01404ee2a9ba4f57464b36312d29,2,120121345176955990133248722148,0
13762172,13762161,96742106376522586009203834480285095966188743660938291849514302468489565323649,7439587,11201970614556239412226611954265868692157687558347294242563063364437541675398885590142465317228709585223337250336546318467459270706328634051299762683086051,1640371999,13762171,0x25aa29106253778b636486771a18880df04a01404ee2a9ba4f57464b36312d29,2,159735412339586736314297451747,0
13762173,13762164,26393355917467296243734091900067623857155449427644466794415083715733094182131,7439589,3056141823667620632037356206774081108585399151903451574253377848399743280587508860168643984094755665423418441224604354152880786694551548047725456442623205,1640372002,13762172,0x85be4e5614f919db6e2bd03404ed4699a3c326e8fe4153cb7ac4ccd09733525f,2,120120135108520232744557577445,0
13762174,13762167,62480223169668016112337651847979444808712083296480330064450697689716485275573,7439590,7234715576829629873974498049349840564506727661240161378704051991192083139118669900671702304061713902940551271669346211891714482200734993810618419233522918,1640372005,13762173,0x51e8b4df2d02c30b3cbe240fd254558e2cac38fbc879bccc27d9d23b7422544b,2,290335442409251119127008784778470,2
13762174,13762169,31707326424652158720293002754771185943699676185324255269860840779739851276286,7439592,3671457570840036630734001472775628518097014897827234657893466717127901301656203850586380781377268583445484046749240687735344810697771087837667225242797288,1640372005,13762173,0x51e8b4df2d02c30b3cbe240fd254558e2cac38fbc879bccc27d9d23b7422544b,2,278577669060491747857475405032,0
13762175,13762165,16784367671880480747215618554704498351074180644341268819757806556947031148509,7439602,1943496999254309702525432739102755153822162505287831833499292322134690995815528897942927958610747793050823313491052942563182259651609742727625199720695026,1640372008,13762174,0xd8ad6eb5529fd0e505b490937d322e60ab6d5931ca10a72d8a84a11dc0efe3b3,2,238962361206817897913628329202,0
13762175,13762166,88367301184473764857498462493731615900473067004399122197187830150846557554574,7439603,10232234424413383315492666045010531805105862987475355869291484503686297539761400955158131984200325900394109189948533554816126255149767733763411257297306867,1640372008,13762174,0xd8ad6eb5529fd0e505b490937d322e60ab6d5931ca10a72d8a84a11dc0efe3b3,2,238963579576254711474412422387,0
13762175,13762168,67899829701536114817859615837403118472639933923141539070831685751785825092937,7439615,7862263139998842498380753598809769127929277293722296397127821824411974899156979202316685920149142968853952826594860154454164653554958351794661236554171647,1640372008,13762174,0xd8ad6eb5529fd0e505b490937d322e60ab6d5931ca10a72d8a84a11dc0efe3b3,2,211741105192665998074077563159807,2
13762176,13762166,88367301184473764857498462493731615900473067004399122197187830150846557554574,7439623,10232234424413383315492666045010531805105862987475355869291484503686297539761400955158131984200325900394109189948533554816126255149767733763411257297306887,1640372011,13762175,0xde7e4ebaf62ec5d2834ad194ddfdcd51615091cae689c52f91d77a32522f006d,2,128076163158643222499512789599495,2
13762176,13762163,28148341047763581138517774907414221137203825095203096078976656946701102955685,7439624,3259355218485051043090358399489782837893589218382548807281450507080586095232020629285812070621605362102297591437071241994097665910587057014733709421675784,1640372011,13762175,0xde7e4ebaf62ec5d2834ad194ddfdcd51615091cae689c52f91d77a32522f006d,2,80507263957798173394464769288,0
13762176,13762167,62480223169668016112337651847979444808712083296480330064450697689716485275573,7439619,7234715576829629873974498049349840564506727661240161378704051991192083139118669900671702304061713902940551271669346211891714482200734993810618419233522947,1640372011,13762175,0xde7e4ebaf62ec5d2834ad194ddfdcd51615091cae689c52f91d77a32522f006d,2,238962374193253668211114738947,0
13762176,13762168,67899829701536114817859615837403118472639933923141539070831685751785825092937,7439620,7862263139998842498380753598809769127929277293722296397127821824411974899156979202316685920149142968853952826594860154454164653554958351794661236554171652,1640372011,13762175,0xde7e4ebaf62ec5d2834ad194ddfdcd51615091cae689c52f91d77a32522f006d,2,278576454234091930244495803652,0
13762177,13762169,31707326424652158720293002754771185943699676185324255269860840779739851276286,7439630,3671457570840036630734001472775628518097014897827234657893466717127901301656203850586380781377268583445484046749240687735344810697771087837667225242797326,1640372014,13762176,0xb5cd320498d101834e3f5d6a48850aa227f86c9c9f27a6b7b60571e51e059c0d,2,80507263957724989900519998734,0
13762177,13762164,26393355917467296243734091900067623857155449427644466794415083715733094182131,7439628,3056141823667620632037356206774081108585399151903451574253377848399743280587508860168643984094755665423418441224604354152880786694551548047725456442623244,1640372014,13762176,0xb5cd320498d101834e3f5d6a48850aa227f86c9c9f27a6b7b60571e51e059c0d,2,238962367074000531960760468748,0
13762177,13762168,67899829701536114817859615837403118472639933923141539070831685751785825092937,7439632,7862263139998842498380753598809769127929277293722296397127821824411974899156979202316685920149142968853952826594860154454164653554958351794661236554171664,1640372014,13762176,0xb5cd320498d101834e3f5d6a48850aa227f86c9c9f27a6b7b60571e51e059c0d,2,199348284636275616546670347536,0
13762178,13762166,88367301184473764857498462493731615900473067004399122197187830150846557554574,7439637,10232234424413383315492666045010531805105862987475355869291484503686297539761400955158131984200325900394109189948533554816126255149767733763411257297306901,1640372017,13762177,0x2ec3389eb5b4885c613f8b1d7ef97262f317e16e20418544838a9aab5e71070e,2,8994953412136108414808429266197,1
13762178,13762169,31707326424652158720293002754771185943699676185324255269860840779739851276286,7439639,3671457570840036630734001472775628518097014897827234657893466717127901301656203850586380781377268583445484046749240687735344810697771087837667225242797335,1640372017,13762177,0x2ec3389eb5b4885c613f8b1d7ef97262f317e16e20418544838a9aab5e71070e,2,80508463401957557139724666135,0
13762178,13762171,17036222811907487697032204745469735498783382533435646416175461693987482578217,7439638,1972659832103193657291293437289783009002346802212813439748311769491226106564443350639345658558028393249437454734129657568089323167275576358257362174313750,1640372017,13762177,0x2ec3389eb5b4885c613f8b1d7ef97262f317e16e20418544838a9aab5e71070e,2,238963587768734779225572214038,0
13762178,13762170,64376501714921963485410838312236371535671805067643418334586163706675872166817,7439640,7454289631360483085621715330504704268380355036362547184589556624275174874142480288195822412986720102533931046491907037983888581971219385566863371344643352,1640372017,13762177,0x2ec3389eb5b4885c613f8b1d7ef97262f317e16e20418544838a9aab5e71070e,2,120121326288501116771012543768,0
13762180,13762166,88367301184473764857498462493731615900473067004399122197187830150846557554574,7439646,10232234424413383315492666045010531805105862987475355869291484503686297539761400955158131984200325900394109189948533554816126255149767733763411257297306910,1640372023,13762179,0x766e91232c98cbe5823069479eb0e6ed5d5ee9d79037ff43d1c9dab86a796f27,2,2656701615275699686389840971038,1
13762182,13762174,98006003916742046497622954559971528855412377951793621775703890754468179862451,7439648,11348319951320155616283714329959888984532147859512496526778860257980307629449578253644517725841389379646963745023811370497934742612627845882126167643882784,1640372029,13762181,0xca436990e169be81d80c4a778d513cbb2e0959dc65bb95ddb22f3a846dc59fc0,2,120122541152083778807469802784,0
13762183,13762172,60493850460861505758105546049034521044932029717494240414367978800093246739039,7439656,7004709330872936929310658654662979162698695172993077513614951346446911421028796811114087417929168943236465524397079898206280772557747376667316888232101160,1640372032,13762182,0xbab3513911ce96e05cc27882d131cf5aba76f37aaa756dd86d9da420348f9ddc,2,278576458993313620664727471400,0
13762183,13762167,62480223169668016112337651847979444808712083296480330064450697689716485275573,7439660,7234715576829629873974498049349840564506727661240161378704051991192083139118669900671702304061713902940551271669346211891714482200734993810618419233522988,1640372032,13762182,0xbab3513911ce96e05cc27882d131cf5aba76f37aaa756dd86d9da420348f9ddc,2,9034569908995713479060407551276,1
13762183,13762173,37048497585423880999596885655263116238163221974671696866922918319894749664331,7439649,4289922938519895624562883064224168362070161125136940259916056888881812247664844545642249899511242055489785371040970686580847370676287314780724422899762465,1640372032,13762182,0xbab3513911ce96e05cc27882d131cf5aba76f37aaa756dd86d9da420348f9ddc,2,278577665519831526613015692577,0
13762184,13762180,14804851257084118512783037848245192243388810101458663299960851021405892170467,7439677,1714284657905477105461796386467336686574284761715536064897658662916071127552867629305104177312184071302200888818226047636653878405057717067396373250409789,1640372035,13762183,0x18f8d04e8c39b5c5917f6bb29113748ab74c0513d2d4c78c3d623be64ea5f70e,2,199348300021004289208512251197,0
13762184,13762168,67899829701536114817859615837403118472639933923141539070831685751785825092937,7439676,7862263139998842498380753598809769127929277293722296397127821824411974899156979202316685920149142968853952826594860154454164653554958351794661236554171708,1640372035,13762183,0x18f8d04e8c39b5c5917f6bb29113748ab74c0513d2d4c78c3d623be64ea5f70e,2,278578861421095777798733268284,0
13762184,13762176,82231174453101359657825900473925895921370949918214476513569345915833435921421,7439668,9521719490362828429941946399025110274272205428139119451805927724002468084666614837775362169785559728517844392653387159537432576187212575818223886126908724,1640372035,13762183,0x18f8d04e8c39b5c5917f6bb29113748ab74c0513d2d4c78c3d623be64ea5f70e,2,80508457534921290080482067764,0
13762184,13762179,53568271011466071741994216104815713547621426972438422251085026373732975341351,7439678,6202782017248417671489274143640170013951039254919020443312125280774873293416969146906451690977887307116630389917761490146416815399384438915114805329233214,1640372035,13762183,0x18f8d04e8c39b5c5917f6bb29113748ab74c0513d2d4c78c3d623be64ea5f70e,2,278576450728200624023243162942,0
13762185,13762173,37048497585423880999596885655263116238163221974671696866922918319894749664331,7439681,4289922938519895624562883064224168362070161125136940259916056888881812247664844545642249899511242055489785371040970686580847370676287314780724422899762497,1640372038,13762184,0xb44f932bb3cae7482eb48950806f8cc28cab8c6faba40ece2794ede42d08f1a4,2,199348289393336705045671019841,0
13762185,13762177,21151316989064824111355041557381114317341606829523843196746856460917767472910,7439679,2449155184284556216314173720351189823092057565002873399091219663034101871785468100785587733561580758182030242798072135121073023867936138019013280941573439,1640372038,13762184,0xb44f932bb3cae7482eb48950806f8cc28cab8c6faba40ece2794ede42d08f1a4,2,159736633034284954782090233151,0
13762185,13762163,28148341047763581138517774907414221137203825095203096078976656946701102955685,7439696,3259355218485051043090358399489782837893589218382548807281450507080586095232020629285812070621605362102297591437071241994097665910587057014733709421675856,1640372038,13762184,0xb44f932bb3cae7482eb48950806f8cc28cab8c6faba40ece2794ede42d08f1a4,2,278577652496645257456279192912,0
13762185,13762174,98006003916742046497622954559971528855412377951793621775703890754468179862451,7439695,11348319951320155616283714329959888984532147859512496526778860257980307629449578253644517725841389379646963745023811370497934742612627845882126167643882831,1640372038,13762184,0xb44f932bb3cae7482eb48950806f8cc28cab8c6faba40ece2794ede42d08f1a4,2,199350702523549577856588809551,0
13762186,13762177,21151316989064824111355041557381114317341606829523843196746856460917767472910,7439699,2449155184284556216314173720351189823092057565002873399091219663034101871785468100785587733561580758182030242798072135121073023867936138019013280941573459,1640372041,13762185,0x4ba305f8cac61e5b1caea9ab3bb6488dd18ebdf200991a9ba703b099e8d1c00d,2,120120135070583035383495361875,0
13762186,13762181,91486302756497461533710435933356238226623910920945583616971834710370256527296,7439703,10593390132772480697726407769535677992955963893106926099604569236173601802034000680838228075275140901775847691709827944884158617911655707743085750243132759,1640372041,13762185,0x4ba305f8cac61e5b1caea9ab3bb6488dd18ebdf200991a9ba703b099e8d1c00d,2,278578877951686562651518895447,0
13762186,13762169,31707326424652158720293002754771185943699676185324255269860840779739851276286,7439705,3671457570840036630734001472775628518097014897827234657893466717127901301656203850586380781377268583445484046749240687735344810697771087837667225242797401,1640372041,13762185,0x4ba305f8cac61e5b1caea9ab3bb6488dd18ebdf200991a9ba703b099e8d1c00d,2,278578869723324064869284676953,0
13762187,13762172,60493850460861505758105546049034521044932029717494240414367978800093246739039,7439706,7004709330872936929310658654662979162698695172993077513614951346446911421028796811114087417929168943236465524397079898206280772557747376667316888232101210,1640372044,13762186,0x6928e6760d2a051b22f77494c0a271962cb82023d23c7400479588d59a040139,2,159736625915030692631829120346,0
13762188,13762182,84447016041129223987806356452553293471209446421939816234624588686545466138076,7439709,9778296417259507326251065246794279955644758146366525349531629298203190486573521330549827611646604200207224183790343520711984793595584992012886618347242845,1640372047,13762187,0x058714b1868f57c9c4cee640006a6128507e044c7215f88c14b139787f58bbd2,2,238962377661243805868324128093,0
13762186,13762179,53568271011466071741994216104815713547621426972438422251085026373732975341351,7439698,6202782017248417671489274143640170013951039254919020443312125280774873293416969146906451690977887307116630389917761490146416815399384438915114805329233234,1640372041,13762185,0x4ba305f8cac61e5b1caea9ab3bb6488dd18ebdf200991a9ba703b099e8d1c00d,2,80508463474516176636197569874,0
13762186,13762180,14804851257084118512783037848245192243388810101458663299960851021405892170467,7439697,1714284657905477105461796386467336686574284761715536064897658662916071127552867629305104177312184071302200888818226047636653878405057717067396373250409809,1640372041,13762185,0x4ba305f8cac61e5b1caea9ab3bb6488dd18ebdf200991a9ba703b099e8d1c00d,2,238963579504663239997917332817,0
13762188,13762166,88367301184473764857498462493731615900473067004399122197187830150846557554574,7439714,10232234424413383315492666045010531805105862987475355869291484503686297539761400955158131984200325900394109189948533554816126255149767733763411257297306978,1640372047,13762187,0x058714b1868f57c9c4cee640006a6128507e044c7215f88c14b139787f58bbd2,2,199349507689959319831128933730,0
13762188,13762171,17036222811907487697032204745469735498783382533435646416175461693987482578217,7439712,1972659832103193657291293437289783009002346802212813439748311769491226106564443350639345658558028393249437454734129657568089323167275576358257362174313824,1640372047,13762187,0x058714b1868f57c9c4cee640006a6128507e044c7215f88c14b139787f58bbd2,2,80507255691389265960204600672,0
13762189,13762183,11295124118946866479196608242813345204703158665886785936603389274615015929614,7439715,1307886019927658032375734919023674598214257605773678713780495504308291267289385149469543891963890194798383676116870479945723007293554057804125336146904419,1640372050,13762188,0x42bc2d9750ef43699f3b705361b20342d6e3083fdaa8d7a8c7bc1fb4b5b6c025,2,199350716652711829104462234979,0
13762188,13762172,60493850460861505758105546049034521044932029717494240414367978800093246739039,7439713,7004709330872936929310658654662979162698695172993077513614951346446911421028796811114087417929168943236465524397079898206280772557747376667316888232101217,1640372047,13762187,0x058714b1868f57c9c4cee640006a6128507e044c7215f88c14b139787f58bbd2,2,199350706064205295501421151585,0
13762189,13762179,53568271011466071741994216104815713547621426972438422251085026373732975341351,7439716,6202782017248417671489274143640170013951039254919020443312125280774873293416969146906451690977887307116630389917761490146416815399384438915114805329233252,1640372050,13762188,0x42bc2d9750ef43699f3b705361b20342d6e3083fdaa8d7a8c7bc1fb4b5b6c025,2,278576463678934108274749965668,0
13762190,13762179,53568271011466071741994216104815713547621426972438422251085026373732975341351,7439717,6202782017248417671489274143640170013951039254919020443312125280774873293416969146906451690977887307116630389917761490146416815399384438915114805329233253,1640372053,13762189,0x846091a218f89181ca29f4361bb3ba08b527346ebc72317c196104097e40bee3,2,159735419424398594414335853925,0
13762191,13762184,81556909398030497014190908183587426693794717490286771529222299716975883514276,7439718,9443644930936459183826906396739524578720162958202209391010332196884628456679562327419360506552081367180257839371522916149149594064255717004118322203166054,1640372056,13762190,0xa392faa097ba53a4b5876022356ec29048c2c0586b024906479c927b8a8142f8,2,3963966310928301442780607120742,1
13762192,13762170,64376501714921963485410838312236371535671805067643418334586163706675872166817,7439720,7454289631360483085621715330504704268380355036362547184589556624275174874142480288195822412986720102533931046491907037983888581971219385566863371344643432,1640372059,13762191,0xafbce708ba27099e4c4baa67c51cfa1746f87d8b4db8b9386b44694821e088a5,2,238963577143479998563094725992,0
13762192,13762166,88367301184473764857498462493731615900473067004399122197187830150846557554574,7439721,10232234424413383315492666045010531805105862987475355869291484503686297539761400955158131984200325900394109189948533554816126255149767733763411257297306985,1640372059,13762191,0xafbce708ba27099e4c4baa67c51cfa1746f87d8b4db8b9386b44694821e088a5,2,238964791972261094479046477161,0
13762193,13762188,30185129912734880760351624385534331260514462181545335777732737980138006167589,7439722,3495199256495379735663492117722039073857703912129958231942995974393269297879071406362763905618934515880016528391717942173616669565369937640522490850674026,1640372062,13762192,0x50a803755f5f8f2316cfe8b74362d6990932349adad2bd6ee6d96e9bea64d0d4,2,238964779059683232170529359210,0
13762193,13762184,81556909398030497014190908183587426693794717490286771529222299716975883514276,7439723,9443644930936459183826906396739524578720162958202209391010332196884628456679562327419360506552081367180257839371522916149149594064255717004118322203166059,1640372062,13762192,0x50a803755f5f8f2316cfe8b74362d6990932349adad2bd6ee6d96e9bea64d0d4,2,4082810954804235188131075294571,1
13762194,13762189,59875918454571282974390483132887444877132797842386610314516980051686954417891,7439731,6933157692857985620145646533529566289843612542246428750389242357711032050798913214482407925064696635907012243792137569084040570242268919626234253313934707,1640372065,13762193,0x2f4d30dbb07e747a14ec4070abd4e9cd69ddd0bb9a623a9f2b3d4d16e0991423,2,80507245031509685462595896691,0
13762194,13762185,34211500931456947352595820232025860251615992344836140681806684373746946523149,7439730,3961421168797788988303407297530965533771787766770023204573522734994155362193325490225254883886352315591784563564144199263691723081045784607905493466318194,1640372065,13762193,0x2f4d30dbb07e747a14ec4070abd4e9cd69ddd0bb9a623a9f2b3d4d16e0991423,2,4043193243302739405299766101362,1
13762194,13762184,81556909398030497014190908183587426693794717490286771529222299716975883514276,7439725,9443644930936459183826906396739524578720162958202209391010332196884628456679562327419360506552081367180257839371522916149149594064255717004118322203166061,1640372065,13762193,0x2f4d30dbb07e747a14ec4070abd4e9cd69ddd0bb9a623a9f2b3d4d16e0991423,2,238962378878869652221509862765,0
13762194,13762182,84447016041129223987806356452553293471209446421939816234624588686545466138076,7439724,9778296417259507326251065246794279955644758146366525349531629298203190486573521330549827611646604200207224183790343520711984793595584992012886618347242860,1640372065,13762193,0x2f4d30dbb07e747a14ec4070abd4e9cd69ddd0bb9a623a9f2b3d4d16e0991423,2,238963590127685361145125897580,0
13762195,13762187,2500231417669724664943276836133966136669356380209882464699333494443062377426,7439735,289507019428754338728467399875284433580539517992381889403060598542047437531273741655927608353231735457935724744671965626019292323907513631534191521924471,1640372068,13762194,0x419b3b30e5f9e06019dde0c873a55f7dd8d88009b66d83907ac18dd6243b3417,2,199349499427008051010782463351,0
13762195,13762185,34211500931456947352595820232025860251615992344836140681806684373746946523149,7439732,3961421168797788988303407297530965533771787766770023204573522734994155362193325490225254883886352315591784563564144199263691723081045784607905493466318196,1640372068,13762194,0x419b3b30e5f9e06019dde0c873a55f7dd8d88009b66d83907ac18dd6243b3417,2,159734198617684594214770410868,0
13762195,13762186,47565113568153920500401437817760564345102678859739810538424551257062229934393,7439733,5507663874866758115165771417122924304455569715893966857268431813496352681947123829694932496589657038213583592046941761239446376097125506249888521000158581,1640372068,13762194,0x419b3b30e5f9e06019dde0c873a55f7dd8d88009b66d83907ac18dd6243b3417,2,120120120978244466488816797045,0
13762195,13762188,30185129912734880760351624385534331260514462181545335777732737980138006167589,7439734,3495199256495379735663492117722039073857703912129958231942995974393269297879071406362763905618934515880016528391717942173616669565369937640522490850674038,1640372068,13762194,0x419b3b30e5f9e06019dde0c873a55f7dd8d88009b66d83907ac18dd6243b3417,2,238964801489661892005773542774,0
13762196,13762188,30185129912734880760351624385534331260514462181545335777732737980138006167589,7439736,3495199256495379735663492117722039073857703912129958231942995974393269297879071406362763905618934515880016528391717942173616669565369937640522490850674040,1640372071,13762195,0xb89e9208568c604a8ecec0f1c715b17f047e89ab669964483885a81c97be3a25,2,120122538754907769150702191992,0
13762196,13762188,30185129912734880760351624385534331260514462181545335777732737980138006167589,7439737,3495199256495379735663492117722039073857703912129958231942995974393269297879071406362763905618934515880016528391717942173616669565369937640522490850674041,1640372071,13762195,0xb89e9208568c604a8ecec0f1c715b17f047e89ab669964483885a81c97be3a25,2,278576451834790221563609318777,0
13762197,13762189,59875918454571282974390483132887444877132797842386610314516980051686954417891,7439753,6933157692857985620145646533529566289843612542246428750389242357711032050798913214482407925064696635907012243792137569084040570242268919626234253313934729,1640372074,13762196,0x89407041f350644d4d985529ef46712446f0824101c6762ac4f10f70eba99222,2,124431667693501639538229801747849,2
13762197,13762178,38450589594612650065049054036843861023622556685589919503197822113058683263078,7439740,4452274101566809531244636575458863687939147383653128434911786088354476486880219955158249391421358915605841396328162787005761793872381720525198683710522748,1640372074,13762196,0x89407041f350644d4d985529ef46712446f0824101c6762ac4f10f70eba99222,2,120120131529923940038942492028,0
13762197,13762186,47565113568153920500401437817760564345102678859739810538424551257062229934393,7439738,5507663874866758115165771417122924304455569715893966857268431813496352681947123829694932496589657038213583592046941761239446376097125506249888521000158586,1640372074,13762196,0x89407041f350644d4d985529ef46712446f0824101c6762ac4f10f70eba99222,2,120121338129183987168518964602,0
13762197,13762188,30185129912734880760351624385534331260514462181545335777732737980138006167589,7439745,3495199256495379735663492117722039073857703912129958231942995974393269297879071406362763905618934515880016528391717942173616669565369937640522490850674049,1640372074,13762196,0x89407041f350644d4d985529ef46712446f0824101c6762ac4f10f70eba99222,2,238962380059249603756434752897,0
13762197,13762189,59875918454571282974390483132887444877132797842386610314516980051686954417891,7439744,6933157692857985620145646533529566289843612542246428750389242357711032050798913214482407925064696635907012243792137569084040570242268919626234253313934720,1640372074,13762196,0x89407041f350644d4d985529ef46712446f0824101c6762ac4f10f70eba99222,2,278576463678822644183972545920,0
13762198,13762190,73986683756687036215641228239085307936685700678444409238437785555994092323576,7439757,8567072687927397943771638049198872783460344143039594322021927514924541556646230558120836750845178317729281181418031169060374164213095913739002094491370893,1640372077,13762197,0x58e803326b6e0bd89974db4aadda1db3db65577e820546fd4976ce53a66d8a17,2,278576449548761924810438706573,0
13762198,13762184,81556909398030497014190908183587426693794717490286771529222299716975883514276,7439756,9443644930936459183826906396739524578720162958202209391010332196884628456679562327419360506552081367180257839371522916149149594064255717004118322203166092,1640372077,13762197,0x58e803326b6e0bd89974db4aadda1db3db65577e820546fd4976ce53a66d8a17,2,199349490020214534432367936908,0
13762199,13762194,29674604974284173489996421672795370976455886568946886003909309568961845343255,7439759,3436084507264420081239600828084929098564569372551983294088545398848225475189093711981839472278130481440825676725422227867170913964330402522393556483671439,1640372080,13762198,0xebccfb762cc36f6f92efd9221c0e23e5925e0ed9f49b256bcdc8b651ca2df80e,2,120122545913645089234120443279,0
13762199,13762184,81556909398030497014190908183587426693794717490286771529222299716975883514276,7439760,9443644930936459183826906396739524578720162958202209391010332196884628456679562327419360506552081367180257839371522916149149594064255717004118322203166096,1640372080,13762198,0xebccfb762cc36f6f92efd9221c0e23e5925e0ed9f49b256bcdc8b651ca2df80e,2,3963967515056564726961372497296,1
13762201,13762166,88367301184473764857498462493731615900473067004399122197187830150846557554574,7439791,10232234424413383315492666045010531805105862987475355869291484503686297539761400955158131984200325900394109189948533554816126255149767733763411257297307055,1640372086,13762200,0xcba325cb37e16f370d81e8c5da30d87b837b38e3bd8b839f26b6c056bc975c46,2,278577673745998519576906794415,0
13762201,13762191,79488510288939781552614156662846501921965076018599827031530189587652557179045,7439787,9204140676718241742839422753121295836957100411112308319249471187461908310004589093848075958867106762125075422136490703889373287937826023381686012741780907,1640372086,13762200,0xcba325cb37e16f370d81e8c5da30d87b837b38e3bd8b839f26b6c056bc975c46,2,2815160372283875794678638020011,1
13762200,13762194,29674604974284173489996421672795370976455886568946886003909309568961845343255,7439783,3436084507264420081239600828084929098564569372551983294088545398848225475189093711981839472278130481440825676725422227867170913964330402522393556483671463,1640372083,13762199,0xb92ae56b58d55441272af0c0a938337efa36688e4529c0b70a7fddcf6015cfb6,2,80506054995052419520572523943,0
13762200,13762191,79488510288939781552614156662846501921965076018599827031530189587652557179045,7439781,9204140676718241742839422753121295836957100411112308319249471187461908310004589093848075958867106762125075422136490703889373287937826023381686012741780901,1640372083,13762199,0xb92ae56b58d55441272af0c0a938337efa36688e4529c0b70a7fddcf6015cfb6,2,199350714293977419967022335397,0
13762202,13762194,29674604974284173489996421672795370976455886568946886003909309568961845343255,7439793,3436084507264420081239600828084929098564569372551983294088545398848225475189093711981839472278130481440825676725422227867170913964330402522393556483671473,1640372089,13762201,0x8564a6e88e9878b9fa6b8911b25f5cc747be297061141f7661e5161ed2dab963,2,4003579164329726007014159648177,1
13762202,13762197,40213461258906086690336358713262142822054639488681093250190022980382990633495,7439792,4656400694632611263465900839796305449768109666741330731484710909275190414932799543487610176712808208916598702942514489655128312782679796343007149898696112,1640372089,13762201,0x8564a6e88e9878b9fa6b8911b25f5cc747be297061141f7661e5161ed2dab963,2,159735424147735603003679409584,0
13762203,13762194,29674604974284173489996421672795370976455886568946886003909309568961845343255,7439795,3436084507264420081239600828084929098564569372551983294088545398848225475189093711981839472278130481440825676725422227867170913964330402522393556483671475,1640372092,13762202,0xb5760d0622900b1b02f8e9c4b185ddd8d341e95f7dc084cbcfd918a35757bdb6,2,286730559822341641717959592347059,2
13762203,13762189,59875918454571282974390483132887444877132797842386610314516980051686954417891,7439794,6933157692857985620145646533529566289843612542246428750389242357711032050798913214482407925064696635907012243792137569084040570242268919626234253313934770,1640372092,13762202,0xb5760d0622900b1b02f8e9c4b185ddd8d341e95f7dc084cbcfd918a35757bdb6,2,238964800309001591394044839346,0
13762203,13762197,40213461258906086690336358713262142822054639488681093250190022980382990633495,7439800,4656400694632611263465900839796305449768109666741330731484710909275190414932799543487610176712808208916598702942514489655128312782679796343007149898696120,1640372092,13762202,0xb5760d0622900b1b02f8e9c4b185ddd8d341e95f7dc084cbcfd918a35757bdb6,2,199350708352899723233995097528,0
13762204,13762196,62080713241664643857824225421903109948679196911610799878451461909041459597858,7439802,7188455487595069625432043660591821367144230018514613884028795969662306918672191351333591764467810793056920085772952720632155632818634319442493966904296890,1640372095,13762203,0x65080bca1851e5a3e1e756323719201524551c3d1f403808e24ec5fc6da14ec9,2,159736628313217760404941407674,0
13762205,13762195,83505733855316809421345460799003924322975018362072540035855382839811542759973,7439809,9669303386402420174309543770968008628507716179275708714536296166462301715715459517084647298210584308317729618438471374357208087534191831758321813170521537,1640372098,13762204,0x8851e636bd79a043ae7ded18825a10a4fcd9737e37d5973922f0f763b85db9eb,2,278578877949491057833175778753,0
13762206,13762198,106655691742603281077322325089174923342992778343367653405662558899359923959822,7439833,12349885375927207198821109016395763691055809915589285811644799380974312973849061633122771756557649420438918572103411237655090974333097577593054602198091225,1640372101,13762205,0xd7b3ebd140815ad1e445716095a82929f19f7824d9662a40b2c7d22b992f5bef,2,278577654894510317856034489817,0
13762205,13762194,29674604974284173489996421672795370976455886568946886003909309568961845343255,7439829,3436084507264420081239600828084929098564569372551983294088545398848225475189093711981839472278130481440825676725422227867170913964330402522393556483671509,1640372098,13762204,0x8851e636bd79a043ae7ded18825a10a4fcd9737e37d5973922f0f763b85db9eb,2,4043194474549192532611443033557,1
13762207,13762198,106655691742603281077322325089174923342992778343367653405662558899359923959822,7439834,12349885375927207198821109016395763691055809915589285811644799380974312973849061633122771756557649420438918572103411237655090974333097577593054602198091226,1640372104,13762206,0x5f667b8b27edd394f3b9b72f8dea79f82ed0b54b03ae306bf786431038fcf5f9,2,120121334552748296384134874586,0
13762206,13762187,2500231417669724664943276836133966136669356380209882464699333494443062377426,7439832,289507019428754338728467399875284433580539517992381889403060598542047437531273741655927608353231735457935724744671965626019292323907513631534191521924568,1640372101,13762205,0xd7b3ebd140815ad1e445716095a82929f19f7824d9662a40b2c7d22b992f5bef,2,210592293220130815646035378013656,2
13762206,13762184,81556909398030497014190908183587426693794717490286771529222299716975883514276,7439830,9443644930936459183826906396739524578720162958202209391010332196884628456679562327419360506552081367180257839371522916149149594064255717004118322203166166,1640372101,13762205,0xd7b3ebd140815ad1e445716095a82929f19f7824d9662a40b2c7d22b992f5bef,2,80506058573861507308580865494,0
13762206,13762180,14804851257084118512783037848245192243388810101458663299960851021405892170467,7439831,1714284657905477105461796386467336686574284761715536064897658662916071127552867629305104177312184071302200888818226047636653878405057717067396373250409943,1640372101,13762205,0xd7b3ebd140815ad1e445716095a82929f19f7824d9662a40b2c7d22b992f5bef,2,278577660759562749279420384727,0
13762205,13762200,92107765177330872556761568625509840076136154101741523928170303313544796920902,7439812,10665350564863261578392032860376181197117346056095543358945694464190839330159163008588369840941421422975485924391341691314605031584230667338503484739782084,1640372098,13762204,0x8851e636bd79a043ae7ded18825a10a4fcd9737e37d5973922f0f763b85db9eb,2,238963584227137809258619438532,0
13762205,13762200,92107765177330872556761568625509840076136154101741523928170303313544796920902,7439823,10665350564863261578392032860376181197117346056095543358945694464190839330159163008588369840941421422975485924391341691314605031584230667338503484739782095,1640372098,13762204,0x8851e636bd79a043ae7ded18825a10a4fcd9737e37d5973922f0f763b85db9eb,2,7806534593010327564076415288783,1
13762205,13762197,40213461258906086690336358713262142822054639488681093250190022980382990633495,7439811,4656400694632611263465900839796305449768109666741330731484710909275190414932799543487610176712808208916598702942514489655128312782679796343007149898696131,1640372098,13762204,0x8851e636bd79a043ae7ded18825a10a4fcd9737e37d5973922f0f763b85db9eb,2,290454281041516656165433778472387,2
13762208,13762191,79488510288939781552614156662846501921965076018599827031530189587652557179045,7439835,9204140676718241742839422753121295836957100411112308319249471187461908310004589093848075958867106762125075422136490703889373287937826023381686012741780955,1640372107,13762207,0x9d31348f2f310bc56047b887e610db20daf799674fe4667c6dd9619efef007a2,2,238964794369258086050626110939,0
13762208,13762198,106655691742603281077322325089174923342992778343367653405662558899359923959822,7439837,12349885375927207198821109016395763691055809915589285811644799380974312973849061633122771756557649420438918572103411237655090974333097577593054602198091229,1640372107,13762207,0x9d31348f2f310bc56047b887e610db20daf799674fe4667c6dd9619efef007a2,2,159735408797738690668118771165,0
13762208,13762199,83753667958607922591411356019687905308472281972750015874380323329363122966454,7439838,9698012194215678721515687693408811524530490768663508489745088609440641729373953353714224584862303051416281501035822701523072183161594357111732633234146782,1640372107,13762207,0x9d31348f2f310bc56047b887e610db20daf799674fe4667c6dd9619efef007a2,2,199350704883689110077768304094,0
13762208,13762196,62080713241664643857824225421903109948679196911610799878451461909041459597858,7439836,7188455487595069625432043660591821367144230018514613884028795969662306918672191351333591764467810793056920085772952720632155632818634319442493966904296924,1640372107,13762207,0x9d31348f2f310bc56047b887e610db20daf799674fe4667c6dd9619efef007a2,2,7885762764932577746249720104412,1
13762209,13762199,83753667958607922591411356019687905308472281972750015874380323329363122966454,7439839,9698012194215678721515687693408811524530490768663508489745088609440641729373953353714224584862303051416281501035822701523072183161594357111732633234146783,1640372110,13762208,0x73b9305135de19e3a8847dc965c41f11ad5e8041527cf5ca428594a43ef8d96a,2,159736624734439071914417817055,0
13762209,13762201,60335445527670530689230330064707450137715367771568593448062046798226717849955,7439840,6986367292713256434057471370244290465400287951349991986650724735971777720263198672508272397217536847682534169681288171555464538326337778183309473231242720,1640372110,13762208,0x73b9305135de19e3a8847dc965c41f11ad5e8041527cf5ca428594a43ef8d96a,2,278577673819715690077520758240,0
13762210,13762201,60335445527670530689230330064707450137715367771568593448062046798226717849955,7439841,6986367292713256434057471370244290465400287951349991986650724735971777720263198672508272397217536847682534169681288171555464538326337778183309473231242721,1640372113,13762209,0x5edfaaa8a29661336d501981a9c1e3990e15733653a99ef53fca81c44f64265a,2,159734214003245306907769013729,0
13762211,13762199,83753667958607922591411356019687905308472281972750015874380323329363122966454,7439842,9698012194215678721515687693408811524530490768663508489745088609440641729373953353714224584862303051416281501035822701523072183161594357111732633234146786,1640372116,13762210,0x83028a62014aec98d87a752a675d187f45233f1631ae40aaa547748f608277ae,2,250008305275144893174652041528802,2
13762212,13762207,71100055484799224373137595881893354276150574181133673979364725499238135367586,7439844,8232823969474004597802670514655273958371375952078257937194013932407518126607597162260732786591503059358273838061466225656038223357701216187625831192954340,1640372119,13762211,0x95af28c06024bd5b33ef425c0d3dd887b6cd44574ba014763b884f90918f1706,2,199350703631580327277713524196,0
13762212,13762178,38450589594612650065049054036843861023622556685589919503197822113058683263078,7439845,4452274101566809531244636575458863687939147383653128434911786088354476486880219955158249391421358915605841396328162787005761793872381720525198683710522853,1640372119,13762211,0x95af28c06024bd5b33ef425c0d3dd887b6cd44574ba014763b884f90918f1706,2,80507261631309537588997621221,0
13762212,13762205,97565155621811153642930578834600994088764448188645859029708879993923747929071,7439843,11297273206213398981891742865594783119444414024386866756806647366654994566033535466293633844645860147376353683254199011137995853423364685781809227904419299,1640372119,13762211,0x95af28c06024bd5b33ef425c0d3dd887b6cd44574ba014763b884f90918f1706,2,278576444786946161004841633251,0
13762213,13762205,97565155621811153642930578834600994088764448188645859029708879993923747929071,7439846,11297273206213398981891742865594783119444414024386866756806647366654994566033535466293633844645860147376353683254199011137995853423364685781809227904419302,1640372122,13762212,0x33c9c0f2156c0c2378f1b9154028510adeffc0ba978847a2545ad477f9ae0611,2,199350714292642102677506983398,0
13762213,13762190,73986683756687036215641228239085307936685700678444409238437785555994092323576,7439852,8567072687927397943771638049198872783460344143039594322021927514924541556646230558120836750845178317729281181418031169060374164213095913739002094491370988,1640372122,13762212,0x33c9c0f2156c0c2378f1b9154028510adeffc0ba978847a2545ad477f9ae0611,2,159736636615367234482013832684,0
13762213,13762180,14804851257084118512783037848245192243388810101458663299960851021405892170467,7439855,1714284657905477105461796386467336686574284761715536064897658662916071127552867629305104177312184071302200888818226047636653878405057717067396373250409967,1640372122,13762212,0x33c9c0f2156c0c2378f1b9154028510adeffc0ba978847a2545ad477f9ae0611,2,159734201015582305711824143855,0
13762213,13762206,43150791682455959589377615400730407620841956580952619946373526287187521107449,7439850,4996520321155781922949136218756572253639249006679283725447395712840003944174556710143789851419569225006263675910702294505289292782836763047100305344923114,1640372122,13762212,0x33c9c0f2156c0c2378f1b9154028510adeffc0ba978847a2545ad477f9ae0611,2,238964799054764857770057500138,0
13762214,13762207,71100055484799224373137595881893354276150574181133673979364725499238135367586,7439869,8232823969474004597802670514655273958371375952078257937194013932407518126607597162260732786591503059358273838061466225656038223357701216187625831192954365,1640372125,13762213,0x0c807d6b62ccef69261c640a4c7a96ae759cd335fc2e1c429e6fd2946fdf65ac,2,120121335769079357844451591677,0
13762214,13762208,52343177767312880314018905098136108821005779411528384724761972056906849114474,7439870,6060925910997398132285564502804871985657190592616409795332741111885116438349422251756829392204257007819817930397094329862928088851660059051109924073473534,1640372125,13762213,0x0c807d6b62ccef69261c640a4c7a96ae759cd335fc2e1c429e6fd2946fdf65ac,2,120121342815632011210070787582,0
13762214,13762190,73986683756687036215641228239085307936685700678444409238437785555994092323576,7439865,8567072687927397943771638049198872783460344143039594322021927514924541556646230558120836750845178317729281181418031169060374164213095913739002094491371001,1640372125,13762213,0x0c807d6b62ccef69261c640a4c7a96ae759cd335fc2e1c429e6fd2946fdf65ac,2,6499267495959607262856894055929,1
13762214,13762177,21151316989064824111355041557381114317341606829523843196746856460917767472910,7439863,2449155184284556216314173720351189823092057565002873399091219663034101871785468100785587733561580758182030242798072135121073023867936138019013280941573623,1640372125,13762213,0x0c807d6b62ccef69261c640a4c7a96ae759cd335fc2e1c429e6fd2946fdf65ac,2,120122549381489985803347133943,0
13762215,13762200,92107765177330872556761568625509840076136154101741523928170303313544796920902,7439881,10665350564863261578392032860376181197117346056095543358945694464190839330159163008588369840941421422975485924391341691314605031584230667338503484739782153,1640372128,13762214,0xfcf6138018ceed1228667dcab85b3017fba74c5399c0416ffd2f3a7b2ea002a1,2,278577663194423754718117463561,0
13762215,13762192,36481882063140858519699698390384251762613066186161036834502182212043440181460,7439871,4224313343400451362365480742676351855561788255343414057758041497268913829427952193209461925116730095187765496215343786494623282398326764445907324310226431,1640372128,13762214,0xfcf6138018ceed1228667dcab85b3017fba74c5399c0416ffd2f3a7b2ea002a1,2,159735413522556257634960377343,0
13762217,13762208,52343177767312880314018905098136108821005779411528384724761972056906849114474,7439887,6060925910997398132285564502804871985657190592616409795332741111885116438349422251756829392204257007819817930397094329862928088851660059051109924073473551,1640372134,13762216,0x0b003272eedd0e805ae11b307ed339d787586e973539a4996fa7841b0ba4b770,2,165036099773136255785594975782415,2
13762217,13762207,71100055484799224373137595881893354276150574181133673979364725499238135367586,7439882,8232823969474004597802670514655273958371375952078257937194013932407518126607597162260732786591503059358273838061466225656038223357701216187625831192954378,1640372134,13762216,0x0b003272eedd0e805ae11b307ed339d787586e973539a4996fa7841b0ba4b770,2,120121342888228911303376340490,0
13762218,13762197,40213461258906086690336358713262142822054639488681093250190022980382990633495,7439893,4656400694632611263465900839796305449768109666741330731484710909275190414932799543487610176712808208916598702942514489655128312782679796343007149898696213,1640372137,13762217,0xc9d351542118521fa84e3212f004110392b0d3fe38e74faf4aaf1de664c158b4,2,5112775866901710477740465030677,1
13762218,13762205,97565155621811153642930578834600994088764448188645859029708879993923747929071,7439890,11297273206213398981891742865594783119444414024386866756806647366654994566033535466293633844645860147376353683254199011137995853423364685781809227904419346,1640372137,13762217,0xc9d351542118521fa84e3212f004110392b0d3fe38e74faf4aaf1de664c158b4,2,80506044369798764758001878546,0
13762218,13762211,67704093931531634665754151385552495305481810281501996567543544276070268081926,7439888,7839598486251548933963657766061823846257642193159819734904061561275105309910635699586234711631368480105881887956514087698973593430415221032166081736836624,1640372137,13762217,0xc9d351542118521fa84e3212f004110392b0d3fe38e74faf4aaf1de664c158b4,2,278577658398234266756615079440,0
13762219,13762210,59257471941744218446914939557152589457747665306532438838041116598555530917806,7439904,6861546479056207149274361801191380850892953487375788436849826658583971733442263430986498890681758897845915235671591551004294865647018462133319508398540320,1640372140,13762218,0x5a33bd4d4d85b2c4bf7cbfaeaff20c0ef2e9e756dadeed63a4698152f9255485,2,159735420566869496085869594144,0
13762219,13762201,60335445527670530689230330064707450137715367771568593448062046798226717849955,7439896,6986367292713256434057471370244290465400287951349991986650724735971777720263198672508272397217536847682534169681288171555464538326337778183309473231242776,1640372140,13762218,0x5a33bd4d4d85b2c4bf7cbfaeaff20c0ef2e9e756dadeed63a4698152f9255485,2,199348281055194462746653591064,0
13762219,13762211,67704093931531634665754151385552495305481810281501996567543544276070268081926,7439905,7839598486251548933963657766061823846257642193159819734904061561275105309910635699586234711631368480105881887956514087698973593430415221032166081736836641,1640372140,13762218,0x5a33bd4d4d85b2c4bf7cbfaeaff20c0ef2e9e756dadeed63a4698152f9255485,2,278577660798872418626923759137,0
13762219,13762199,83753667958607922591411356019687905308472281972750015874380323329363122966454,7439899,9698012194215678721515687693408811524530490768663508489745088609440641729373953353714224584862303051416281501035822701523072183161594357111732633234146843,1640372140,13762218,0x5a33bd4d4d85b2c4bf7cbfaeaff20c0ef2e9e756dadeed63a4698152f9255485,2,120121338168274106034188027419,0
13762218,13762210,59257471941744218446914939557152589457747665306532438838041116598555530917806,7439889,6861546479056207149274361801191380850892953487375788436849826658583971733442263430986498890681758897845915235671591551004294865647018462133319508398540305,1640372137,13762217,0xc9d351542118521fa84e3212f004110392b0d3fe38e74faf4aaf1de664c158b4,2,159736630712408004995050472977,0
13762219,13762209,42912592505545068556749531155607135119972976026586770046697601204985490843226,7439897,4968938740806660761012244410030437840637601738155946300177093173528651203207408132650695265740347402662165131900786714852691862120902482868361182412113433,1640372140,13762218,0x5a33bd4d4d85b2c4bf7cbfaeaff20c0ef2e9e756dadeed63a4698152f9255485,2,80507262811722140221220947481,0
13762219,13762211,67704093931531634665754151385552495305481810281501996567543544276070268081926,7439915,7839598486251548933963657766061823846257642193159819734904061561275105309910635699586234711631368480105881887956514087698973593430415221032166081736836651,1640372140,13762218,0x5a33bd4d4d85b2c4bf7cbfaeaff20c0ef2e9e756dadeed63a4698152f9255485,2,80507247428365939545820202539,0
13762220,13762210,59257471941744218446914939557152589457747665306532438838041116598555530917806,7439916,6861546479056207149274361801191380850892953487375788436849826658583971733442263430986498890681758897845915235671591551004294865647018462133319508398540332,1640372143,13762219,0x7ec9d61e05307305599f4e7dc90964f83a48ba4fc7af48e2d0af85f2df31e347,2,199349506511673542122931324460,0
13762220,13762193,21395088314041405798330316938279015372585599918032940081243892646022076765219,7439919,2477381975299743369324990238352485564359674628672102036106812382525887128640305929842549062839668470831399879379145689773550050135092685511864377085625903,1640372143,13762219,0x7ec9d61e05307305599f4e7dc90964f83a48ba4fc7af48e2d0af85f2df31e347,2,80508476386266502513185359407,0
13762220,13762206,43150791682455959589377615400730407620841956580952619946373526287187521107449,7439922,4996520321155781922949136218756572253639249006679283725447395712840003944174556710143789851419569225006263675910702294505289292782836763047100305344923186,1640372143,13762219,0x7ec9d61e05307305599f4e7dc90964f83a48ba4fc7af48e2d0af85f2df31e347,2,159734215185023626126992442930,0
13762221,13762210,59257471941744218446914939557152589457747665306532438838041116598555530917806,7439923,6861546479056207149274361801191380850892953487375788436849826658583971733442263430986498890681758897845915235671591551004294865647018462133319508398540339,1640372146,13762220,0x27278bc680795784f2c8d9a87ea4a4065fb37d2c0a42654d5214f64232ca91ed,2,80506043189314104531740624435,0
13762221,13762212,23424423199628724549995801980425826932469597061593779763849612700972261180945,7439924,2712362901464069033777119183379034324241015908573987640939866002632298348660860897264446028141771837308279356773373382312624299058774218435895058001659444,1640372146,13762220,0x27278bc680795784f2c8d9a87ea4a4065fb37d2c0a42654d5214f64232ca91ed,2,120122535249122297520692758068,0
13762222,13762210,59257471941744218446914939557152589457747665306532438838041116598555530917806,7439927,6861546479056207149274361801191380850892953487375788436849826658583971733442263430986498890681758897845915235671591551004294865647018462133319508398540343,1640372149,13762221,0xdf1de71a32e542814e778179136beac3dc2f5889fe6ff47b30cb15952457502d,2,2815156745469414250352731063863,1
13762223,13762213,5654776220703382094423161880590467954450998557471844909603538096089089402284,7439938,654778352764739640747459160225411456606727141250570056039225944305674427452596004192612101172745799300887595944962754074368644632947836847673702383453762,1640372152,13762222,0x56c45b9ba1a7528888df2f31e7154e9c28206821e47bbc7e75bbfc7044229bb1,2,2696315707155994713822176839234,1
13762223,13762212,23424423199628724549995801980425826932469597061593779763849612700972261180945,7439937,2712362901464069033777119183379034324241015908573987640939866002632298348660860897264446028141771837308279356773373382312624299058774218435895058001659457,1640372152,13762222,0x56c45b9ba1a7528888df2f31e7154e9c28206821e47bbc7e75bbfc7044229bb1,2,238964788428106079923747259969,0
13762223,13762214,114417616807584994274191383609981204521074938756606682596815223635278676624033,7439935,13248654895704931042269759727783351989891273060562340107134885861364192503405080089018017455446069183312646010805755639533243708978974587612952833341621823,1640372152,13762222,0x56c45b9ba1a7528888df2f31e7154e9c28206821e47bbc7e75bbfc7044229bb1,2,238964794367995952255055529535,0
13762224,13762213,5654776220703382094423161880590467954450998557471844909603538096089089402284,7439940,654778352764739640747459160225411456606727141250570056039225944305674427452596004192612101172745799300887595944962754074368644632947836847673702383453764,1640372155,13762223,0x6425c4f9fbd3a9d85ac22ade91d55e5dcd3582841ab2c8e8b7b9a07205a02285,2,159735413446248391448701535812,0
13762225,13762216,4975789520322452702207477385383185980873509814123627969456880055235436132208,7439947,576157064163280190183698434548011813388304857383272893713203482737073550390800355111827988050087557893000483753199850139626886352195391984567015540098635,1640372158,13762224,0x5eade88b9164ba600fb9809019c8ad15ffeda18a0e4657bb1e13ca5ddbc7d342,2,5350457940024139928857725732427,1
13762226,13762210,59257471941744218446914939557152589457747665306532438838041116598555530917806,7439953,6861546479056207149274361801191380850892953487375788436849826658583971733442263430986498890681758897845915235671591551004294865647018462133319508398540369,1640372161,13762225,0xf3eedaed4b856ab24a0def8f15576240613e15fb8e2b98a752f5f7e68cf82ed8,2,238963592489013843667931203153,0
13762227,13762220,17710072824615280604181149972472426154995807685105325747695770077029087220205,7439979,2050686332907221065891391212474336453916076524050441399499309485673248649398100302765775596923289745857710939473785550645609894105876708659419530801546859,1640372164,13762226,0x5aa619324113e280a59b6ab0264df7e79ba0c4f920cb289dca94027d6ef95247,2,278578870902905753370258146923,0
13762226,13762210,59257471941744218446914939557152589457747665306532438838041116598555530917806,7439968,6861546479056207149274361801191380850892953487375788436849826658583971733442263430986498890681758897845915235671591551004294865647018462133319508398540384,1640372161,13762225,0xf3eedaed4b856ab24a0def8f15576240613e15fb8e2b98a752f5f7e68cf82ed8,2,5310843845892257882822535120480,1
13762227,13762205,97565155621811153642930578834600994088764448188645859029708879993923747929071,7439983,11297273206213398981891742865594783119444414024386866756806647366654994566033535466293633844645860147376353683254199011137995853423364685781809227904419439,1640372164,13762226,0x5aa619324113e280a59b6ab0264df7e79ba0c4f920cb289dca94027d6ef95247,2,80506052707798017768850294383,0
13762227,13762220,17710072824615280604181149972472426154995807685105325747695770077029087220205,7439982,2050686332907221065891391212474336453916076524050441399499309485673248649398100302765775596923289745857710939473785550645609894105876708659419530801546862,1640372164,13762226,0x5aa619324113e280a59b6ab0264df7e79ba0c4f920cb289dca94027d6ef95247,2,159736636541546481189970347630,0
13762228,13762198,106655691742603281077322325089174923342992778343367653405662558899359923959822,7439985,12349885375927207198821109016395763691055809915589285811644799380974312973849061633122771756557649420438918572103411237655090974333097577593054602198091377,1640372167,13762227,0x8dd2b8f9ff840fc2dc09fa31ca4b94baa27cc00804df8df78da6b61591748f6d,2,7766918098624066764079014970993,1
13762228,13762216,4975789520322452702207477385383185980873509814123627969456880055235436132208,7439984,576157064163280190183698434548011813388304857383272893713203482737073550390800355111827988050087557893000483753199850139626886352195391984567015540098672,1640372167,13762227,0x8dd2b8f9ff840fc2dc09fa31ca4b94baa27cc00804df8df78da6b61591748f6d,2,238963571314240191376559015536,0
13762229,13762222,39245839257590875478225448594333987621915095087598901837626156808571927567281,7439987,4544357721508329837779088932741714891435626087323780373026171896738730061336826674381426990059149784397297813119458837304635217475495961172835771951974003,1640372170,13762228,0xe558a8698df447dacdb79e53257f07774e0249ea19884299bb68fe0b24ee5746,2,6459652220055733555074729870963,1
13762229,13762219,57348032964575125724943562917918923117680025551976811858630598015017758614343,7439991,6640448550618633803307355997174781117625881354673810789357024785648101485243760986799881380612349741682174660166901589602836240473772359856561785882642039,1640372170,13762228,0xe558a8698df447dacdb79e53257f07774e0249ea19884299bb68fe0b24ee5746,2,4043195670525502516187848869495,1
13762230,13762210,59257471941744218446914939557152589457747665306532438838041116598555530917806,7439993,6861546479056207149274361801191380850892953487375788436849826658583971733442263430986498890681758897845915235671591551004294865647018462133319508398540409,1640372173,13762229,0xa54127fd10c5f4a9f1aeace08990643ead2ba21da81c66a6b2b08520dca445ef,2,120121335769154793138210047609,0
13762230,13762221,100918598808671626307876279591097598929805193960417971877640308985055822696493,7439992,11685575398958616841968025230333992770191675968775781367256068972460847361184312934926747034248570267462821057335499478493571442876213620771159909707384440,1640372173,13762229,0xa54127fd10c5f4a9f1aeace08990643ead2ba21da81c66a6b2b08520dca445ef,2,159736624733429139697979983480,0
13762231,13762198,106655691742603281077322325089174923342992778343367653405662558899359923959822,7440000,12349885375927207198821109016395763691055809915589285811644799380974312973849061633122771756557649420438918572103411237655090974333097577593054602198091392,1640372176,13762230,0x5575f4d5ff51e59527fa643e178eef4abc9a62d8b3499dc1d85d1c57187bc4db,2,278576445967714548007627228800,0
13762231,13762182,84447016041129223987806356452553293471209446421939816234624588686545466138076,7440009,9778296417259507326251065246794279955644758146366525349531629298203190486573521330549827611646604200207224183790343520711984793595584992012886618347243145,1640372176,13762230,0x5575f4d5ff51e59527fa643e178eef4abc9a62d8b3499dc1d85d1c57187bc4db,2,159736621267820280343742744201,0
13762231,13762223,45298017681554588633354037330194084976994112722664480811588160255216268092037,7440014,5245152105656095801807901686622024544271998290776618015024286910670881624033303033797955634469268946921227481487979938513508924892749832000950391526229646,1640372176,13762230,0x5575f4d5ff51e59527fa643e178eef4abc9a62d8b3499dc1d85d1c57187bc4db,2,120121327506129214924011964046,0
13762226,13762206,43150791682455959589377615400730407620841956580952619946373526287187521107449,7439954,4996520321155781922949136218756572253639249006679283725447395712840003944174556710143789851419569225006263675910702294505289292782836763047100305344923218,1640372161,13762225,0xf3eedaed4b856ab24a0def8f15576240613e15fb8e2b98a752f5f7e68cf82ed8,2,5316809037092060650078133885699666,3
13762232,13762221,100918598808671626307876279591097598929805193960417971877640308985055822696493,7440035,11685575398958616841968025230333992770191675968775781367256068972460847361184312934926747034248570267462821057335499478493571442876213620771159909707384483,1640372179,13762231,0x2659be438a5afba96b16ca071fbbf8929d8e51cd7b908ccdbb97d06623854b79,2,80508474027458909881800689315,0
13762232,13762217,91288248605479703852943692034119871791495296355470776238859613265967865485492,7440019,10570457028844011602167251749651854224409015575761119536905000977997984371104884014022129971211872694844344034451054391059247687037081875739757791799248531,1640372179,13762231,0x2659be438a5afba96b16ca071fbbf8929d8e51cd7b908ccdbb97d06623854b79,2,278578873266321654320349677203,0
13762232,13762206,43150791682455959589377615400730407620841956580952619946373526287187521107449,7440020,4996520321155781922949136218756572253639249006679283725447395712840003944174556710143789851419569225006263675910702294505289292782836763047100305344923284,1640372179,13762231,0x2659be438a5afba96b16ca071fbbf8929d8e51cd7b908ccdbb97d06623854b79,2,6578495653753813212389820171924,1
13762232,13762226,41001626883756668954567869125039280580600271442330681348696617820973237359175,7440036,4747664038999094964160799126551086201102607464720377792379338655424953185472699231940469779930762224008270371940155383943523267792164687853100731263452836,1640372179,13762231,0x2659be438a5afba96b16ca071fbbf8929d8e51cd7b908ccdbb97d06623854b79,2,199348302345078995613708813988,0
13762232,13762217,91288248605479703852943692034119871791495296355470776238859613265967865485492,7440041,10570457028844011602167251749651854224409015575761119536905000977997984371104884014022129971211872694844344034451054391059247687037081875739757791799248553,1640372179,13762231,0x2659be438a5afba96b16ca071fbbf8929d8e51cd7b908ccdbb97d06623854b79,2,286532486998316065818373283481257,2
13762225,13762214,114417616807584994274191383609981204521074938756606682596815223635278676624033,7439951,13248654895704931042269759727783351989891273060562340107134885861364192503405080089018017455446069183312646010805755639533243708978974587612952833341621839,1640372158,13762224,0x5eade88b9164ba600fb9809019c8ad15ffeda18a0e4657bb1e13ca5ddbc7d342,2,7806533400613042841070131578447,1
13762224,13762218,40799572086937156096551918590790362578192394937971860052523235438449339487365,7439939,4724267691934942138720482376337245947571861580645572106482224158060647956394788323919992915383968311667421677063634122213024488520551803027829629278848579,1640372155,13762223,0x6425c4f9fbd3a9d85ac22ade91d55e5dcd3582841ab2c8e8b7b9a07205a02285,2,159736638937388299457129449027,0
13762226,13762219,57348032964575125724943562917918923117680025551976811858630598015017758614343,7439961,6640448550618633803307355997174781117625881354673810789357024785648101485243760986799881380612349741682174660166901589602836240473772359856561785882642009,1640372161,13762225,0xf3eedaed4b856ab24a0def8f15576240613e15fb8e2b98a752f5f7e68cf82ed8,2,199349501826275982694463669849,0
13762225,13762218,40799572086937156096551918590790362578192394937971860052523235438449339487365,7439952,4724267691934942138720482376337245947571861580645572106482224158060647956394788323919992915383968311667421677063634122213024488520551803027829629278848592,1640372158,13762224,0x5eade88b9164ba600fb9809019c8ad15ffeda18a0e4657bb1e13ca5ddbc7d342,2,199349498320312618879173101136,0
13762233,13762218,40799572086937156096551918590790362578192394937971860052523235438449339487365,7440043,4724267691934942138720482376337245947571861580645572106482224158060647956394788323919992915383968311667421677063634122213024488520551803027829629278848683,1640372182,13762232,0x48d4efb47010838fc45ef3601a5305f363ce26feec375e3f3b43eee14b11abea,2,80508468158872278650835797675,0
13762234,13762207,71100055484799224373137595881893354276150574181133673979364725499238135367586,7440049,8232823969474004597802670514655273958371375952078257937194013932407518126607597162260732786591503059358273838061466225656038223357701216187625831192954545,1640372185,13762233,0x72fde0f7c4f10d86e173169c1eb25c2315eb4e77fd6be46b0bd4fa3fa9426509,2,80508461039730606491258947249,0
13762234,13762220,17710072824615280604181149972472426154995807685105325747695770077029087220205,7440047,2050686332907221065891391212474336453916076524050441399499309485673248649398100302765775596923289745857710939473785550645609894105876708659419530801546927,1640372185,13762233,0x72fde0f7c4f10d86e173169c1eb25c2315eb4e77fd6be46b0bd4fa3fa9426509,2,238964783705885964041991587503,0
13762235,13762224,42824677276930462540185385349734016807454966630439101353561274509073171600194,7440059,4958758852809599246867701603411138290983865072980077903617592138608873864127923734577466322889563500052384703738596987478211838364364612845720688175187643,1640372188,13762234,0x27bbfe67fd332ba440461316b6de3214fdaa9350c1d7ad2d4f28eee270d2cf27,2,238964797872982034951206700731,0
13762235,13762228,103736287206398685993344680466349240819247666752756181488697034596992624252742,7440055,12011841425351179025213817814334868722985837646388504511867390905484242418253798667960966385456277150379088174998015341484257479155295874949548043528144567,1640372188,13762234,0x27bbfe67fd332ba440461316b6de3214fdaa9350c1d7ad2d4f28eee270d2cf27,2,120121347575105903209435203255,0
13762235,13762224,42824677276930462540185385349734016807454966630439101353561274509073171600194,7440063,4958758852809599246867701603411138290983865072980077903617592138608873864127923734577466322889563500052384703738596987478211838364364612845720688175187647,1640372188,13762234,0x27bbfe67fd332ba440461316b6de3214fdaa9350c1d7ad2d4f28eee270d2cf27,2,238964778984565442185803171519,0
13762235,13762206,43150791682455959589377615400730407620841956580952619946373526287187521107449,7440061,4996520321155781922949136218756572253639249006679283725447395712840003944174556710143789851419569225006263675910702294505289292782836763047100305344923325,1640372188,13762234,0x27bbfe67fd332ba440461316b6de3214fdaa9350c1d7ad2d4f28eee270d2cf27,2,120120124483123588693817919165,0
13762235,13762212,23424423199628724549995801980425826932469597061593779763849612700972261180945,7440054,2712362901464069033777119183379034324241015908573987640939866002632298348660860897264446028141771837308279356773373382312624299058774218435895058001659574,1640372188,13762234,0x27bbfe67fd332ba440461316b6de3214fdaa9350c1d7ad2d4f28eee270d2cf27,2,199350709606124272841730918070,0
13762235,13762224,42824677276930462540185385349734016807454966630439101353561274509073171600194,7440062,4958758852809599246867701603411138290983865072980077903617592138608873864127923734577466322889563500052384703738596987478211838364364612845720688175187646,1640372188,13762234,0x27bbfe67fd332ba440461316b6de3214fdaa9350c1d7ad2d4f28eee270d2cf27,2,238962374118349799208688649918,0
13762236,13762231,17346450787622240377437446733181903329360268533743571386109530543581173205881,7440075,2008581777551068261184346854328059443338685729852175977907513622419447145331270645142749482467195836630810205741968060780956381335785334990641568335103691,1640372191,13762235,0xf0e859f3c713720e1a2484be2dd88a731a01355d790951d123df98726adcc1ea,2,199350714329536716724832929483,0
13762236,13762229,74746741066190011609904989009469313105291251008712562110244634246680959796719,7440074,8655081311734840925384159210792415062585009482838961956850417690174515989361576268890313596389292216347891968389673139393411360828977384895277912231610058,1640372191,13762235,0xf0e859f3c713720e1a2484be2dd88a731a01355d790951d123df98726adcc1ea,2,278576454232940134639795799754,0
13762236,13762227,64148426195107512407194818827831164530767147464384135884263321147907220213613,7440073,7427880290417280888255161232660673735186099902753121135324208015522254479120855972607774302971581685040194178480564699739914474960883486680882099703088841,1640372191,13762235,0xf0e859f3c713720e1a2484be2dd88a731a01355d790951d123df98726adcc1ea,2,278577653750811059386135447241,0
13762237,13762228,103736287206398685993344680466349240819247666752756181488697034596992624252742,7440078,12011841425351179025213817814334868722985837646388504511867390905484242418253798667960966385456277150379088174998015341484257479155295874949548043528144590,1640372194,13762236,0x16e420e5f4589bb360f8fcc4152c52f773b1c6a1022fc3b05428d51858769472,2,159735414701925151053540591310,0
13762237,13762165,16784367671880480747215618554704498351074180644341268819757806556947031148509,7440076,1943496999254309702525432739102755153822162505287831833499292322134690995815528897942927958610747793050823313491052942563182259651609742727625199720695500,1640372194,13762236,0x16e420e5f4589bb360f8fcc4152c52f773b1c6a1022fc3b05428d51858769472,2,80506036103421382521133303500,0
13762237,13762224,42824677276930462540185385349734016807454966630439101353561274509073171600194,7440077,4958758852809599246867701603411138290983865072980077903617592138608873864127923734577466322889563500052384703738596987478211838364364612845720688175187661,1640372194,13762236,0x16e420e5f4589bb360f8fcc4152c52f773b1c6a1022fc3b05428d51858769472,2,199350705991642172405320877773,0
13762238,13762226,41001626883756668954567869125039280580600271442330681348696617820973237359175,7440089,4747664038999094964160799126551086201102607464720377792379338655424953185472699231940469779930762224008270371940155383943523267792164687853100731263452889,1640372197,13762237,0x1d81b224fa9168e521c3d6705f51ca4e2ddb06b74c40a8421386ab87f8f49b79,2,5112775877528189111601680451289,1
13762238,13762227,64148426195107512407194818827831164530767147464384135884263321147907220213613,7440081,7427880290417280888255161232660673735186099902753121135324208015522254479120855972607774302971581685040194178480564699739914474960883486680882099703088849,1640372197,13762237,0x1d81b224fa9168e521c3d6705f51ca4e2ddb06b74c40a8421386ab87f8f49b79,2,199350711969650511982693025489,0
13762238,13762216,4975789520322452702207477385383185980873509814123627969456880055235436132208,7440086,576157064163280190183698434548011813388304857383272893713203482737073550390800355111827988050087557893000483753199850139626886352195391984567015540098774,1640372197,13762237,0x1d81b224fa9168e521c3d6705f51ca4e2ddb06b74c40a8421386ab87f8f49b79,2,80507265175211224665257248470,0
13762239,13762228,103736287206398685993344680466349240819247666752756181488697034596992624252742,7440099,12011841425351179025213817814334868722985837646388504511867390905484242418253798667960966385456277150379088174998015341484257479155295874949548043528144611,1640372200,13762238,0xdbdd6908966c2c89f0186b17b912151c9c0ef2887a2dc1fdacc2390e968eefc7,2,278576448294312396104058111715,0
13762253,13762247,12679376186243142585768281206731835793327154445045032431026764173940685227590,7440231,1468171458830967858794420754666618383478275208125467766396106293575786502015803630837170301498712859327560792556760889021167420287705981529220370920474471,1640372242,13762252,0x5ee34f334b5897b0988a563aaea8e77ef6c2f67cb5eff18daf158186ca1a491f,2,9074181579485905686708184254311,1
13762254,13762249,95829259017173364462675504744001032562890860691320726943319226974304971406119,7440243,11096270111662425906507075367624469757372734007573102805347369992278040187670538265600182893569942502348085163017648864059909910418426313602757218104608627,1640372245,13762253,0x4c5feae506b5a82170d718fee82356835e1801dbfe9b1659818705eb3de56ec0,2,9074185199070142022265607391091,1
13762254,13762249,95829259017173364462675504744001032562890860691320726943319226974304971406119,7440232,11096270111662425906507075367624469757372734007573102805347369992278040187670538265600182893569942502348085163017648864059909910418426313602757218104608616,1640372245,13762253,0x4c5feae506b5a82170d718fee82356835e1801dbfe9b1659818705eb3de56ec0,2,120120125625739731453334357864,0
13762255,13762249,95829259017173364462675504744001032562890860691320726943319226974304971406119,7440247,11096270111662425906507075367624469757372734007573102805347369992278040187670538265600182893569942502348085163017648864059909910418426313602757218104608631,1640372248,13762254,0x72fe3e140e0e9e745c92d2594f085af3345f4dddced82ab71f8755138452f571,2,120121347539364210666716104567,0
13762256,13762251,61611725448066074455298981533987774837181867577241788392225952974275104710527,7440251,7134150411147492048025256325833311329368260711432662707072700703052349764891554529438302978346961026599197204775583944352946460053294814376621217026246523,1640372251,13762255,0x243a61fd08cb4510f5075b8dd69be8de6f3daa7dd0f63b7ba5172bb609b4886e,2,159734215183798647028347668347,0
13762257,13762247,12679376186243142585768281206731835793327154445045032431026764173940685227590,7440254,1468171458830967858794420754666618383478275208125467766396106293575786502015803630837170301498712859327560792556760889021167420287705981529220370920474494,1640372254,13762256,0xc506cb647aa2975a0dde2e9a3ce9defdec75826e0258a537e4214cc7e2b9a075,2,120122539973758594602532702078,0
13762257,13762252,42919028671385276960687439726745889183383934690982143657130686733866126428447,7440257,4969683997895976338689884079307783103934736945687409722198385578053947037993061543760710706096918247954665633456514871817731029766321964929963862785099649,1640372254,13762256,0xc506cb647aa2975a0dde2e9a3ce9defdec75826e0258a537e4214cc7e2b9a075,2,159735414629292222163216074625,0
13762257,13762250,54891112286835212469388544186186197488958971928567134628294417401283875309445,7440262,6355956572252766381069111798796430436922901942685480204865622887870027627007432982442961867956859650243633214512958216860463185216372445931551233437435782,1640372254,13762256,0xc506cb647aa2975a0dde2e9a3ce9defdec75826e0258a537e4214cc7e2b9a075,2,120121326360195045139030312838,0
13762257,13762250,54891112286835212469388544186186197488958971928567134628294417401283875309445,7440253,6355956572252766381069111798796430436922901942685480204865622887870027627007432982442961867956859650243633214512958216860463185216372445931551233437435773,1640372254,13762256,0xc506cb647aa2975a0dde2e9a3ce9defdec75826e0258a537e4214cc7e2b9a075,2,8994953407414933134040223549309,1
13762259,13762253,34545248146661730803838576890439612212320692927557842026640371569312041103040,7440267,4000066456123487046261046728263448999321875848050258746385904449337718313907630129252472153721917528653881276678415790374151290590684898440928147482445707,1640372260,13762258,0xf54b4d63d879ce52c9c423a9f369ad4c317c29ac64bfd2d5e0c260941c142e96,2,3845126480211166853285419255691,1
13762258,13762251,61611725448066074455298981533987774837181867577241788392225952974275104710527,7440263,7134150411147492048025256325833311329368260711432662707072700703052349764891554529438302978346961026599197204775583944352946460053294814376621217026246535,1640372257,13762257,0x5ee97f4aa6d45a82b2722f2355cc9ab28af75668f8d6d1cb7e6cac610f48660e,2,278578861423509707199003854727,0
13762259,13762247,12679376186243142585768281206731835793327154445045032431026764173940685227590,7440264,1468171458830967858794420754666618383478275208125467766396106293575786502015803630837170301498712859327560792556760889021167420287705981529220370920474504,1640372260,13762258,0xf54b4d63d879ce52c9c423a9f369ad4c317c29ac64bfd2d5e0c260941c142e96,2,199349488838507146907275593608,0
13762260,13762247,12679376186243142585768281206731835793327154445045032431026764173940685227590,7440276,1468171458830967858794420754666618383478275208125467766396106293575786502015803630837170301498712859327560792556760889021167420287705981529220370920474516,1640372263,13762259,0xe73336d1aafb0c0baa898ed0074fbcb142a97c9a1d0df61686d82d71bde3deea,2,238963578398006088463140620180,0
13762261,13762255,16386415969943000421154027822134385929175591243845327089422927813345933559918,7440277,1897417340271423124308222252271583131380359893005334913310547131203530393560137411852706191519046187753975518744279216490580207892528545158403702029125525,1640372266,13762260,0x2bda751bc75978ae73aabd8ad5910c872522d5c603723fe11f2ce14d5bc6025b,2,120121334624084188581776689045,0
13762261,13762253,34545248146661730803838576890439612212320692927557842026640371569312041103040,7440283,4000066456123487046261046728263448999321875848050258746385904449337718313907630129252472153721917528653881276678415790374151290590684898440928147482445723,1640372266,13762260,0x2bda751bc75978ae73aabd8ad5910c872522d5c603723fe11f2ce14d5bc6025b,2,159735408723952840273187407771,0
13762261,13762247,12679376186243142585768281206731835793327154445045032431026764173940685227590,7440282,1468171458830967858794420754666618383478275208125467766396106293575786502015803630837170301498712859327560792556760889021167420287705981529220370920474522,1640372266,13762260,0x2bda751bc75978ae73aabd8ad5910c872522d5c603723fe11f2ce14d5bc6025b,2,80507246248887833836276254618,0
13762263,13762255,16386415969943000421154027822134385929175591243845327089422927813345933559918,7440296,1897417340271423124308222252271583131380359893005334913310547131203530393560137411852706191519046187753975518744279216490580207892528545158403702029125544,1640372272,13762262,0x75a507f2cfe1ca984a3a37c64f474478782665f09c475e4f3c5293cc9c30bc74,2,159734205701090203331162376104,0
13762264,13762255,16386415969943000421154027822134385929175591243845327089422927813345933559918,7440301,1897417340271423124308222252271583131380359893005334913310547131203530393560137411852706191519046187753975518744279216490580207892528545158403702029125549,1640372275,13762263,0xc64e814906f09eaa587a56868f866576f77dc9a39d33bf7d57cadbf126484f7e,2,9034571108368353448923210287021,1
13762264,13762249,95829259017173364462675504744001032562890860691320726943319226974304971406119,7440303,11096270111662425906507075367624469757372734007573102805347369992278040187670538265600182893569942502348085163017648864059909910418426313602757218104608687,1640372275,13762263,0xc64e814906f09eaa587a56868f866576f77dc9a39d33bf7d57cadbf126484f7e,2,2815160358078763713414881707951,1
13762262,13762251,61611725448066074455298981533987774837181867577241788392225952974275104710527,7440294,7134150411147492048025256325833311329368260711432662707072700703052349764891554529438302978346961026599197204775583944352946460053294814376621217026246566,1640372269,13762261,0x13e4485130aa1c6b57dcd9394a11162e82482fc2eac0a28d690cf165556baa54,2,159734203341207376288742999974,0
13762263,13762255,16386415969943000421154027822134385929175591243845327089422927813345933559918,7440298,1897417340271423124308222252271583131380359893005334913310547131203530393560137411852706191519046187753975518744279216490580207892528545158403702029125546,1640372272,13762262,0x75a507f2cfe1ca984a3a37c64f474478782665f09c475e4f3c5293cc9c30bc74,2,120120125662706403094698231722,0
13762263,13762257,42929961667311697429974938183931026480464703088496065441190823293256982881806,7440295,4970949952335919632118883372844600596804516800898963075656293631768249467703214805362771363280940400190915533140706981078938246739060347392223228432844711,1640372272,13762262,0x75a507f2cfe1ca984a3a37c64f474478782665f09c475e4f3c5293cc9c30bc74,2,278578880386839176166088214439,0
